HNF4A	S__Candida albicans
0.0004071208861865579	0.32503
0.0002467348230529875	-0.08325
0.0002467348230529875	0.50394
0.0002718275286585631	0.23983
0.000251465220511566	0.06814
0.000251465220511566	0.04026
0.00033326578162854077	-1.85008
0.0003337825376916468	-0.65826
0.0003337825376916468	-1.52294
0.0003337825376916468	-0.14649
0.0002532943209347756	-0.73077
0.0002532943209347756	-1.81208
0.0003335008548643719	1.51976
0.00024142966366434506	-1.1304
0.0002896165084283826	0.7337
0.0002896165084283826	-0.09888
0.00031821065376686885	-1.2487
0.00025246504537615737	0.84517
0.00025246504537615737	-0.64377
0.00023940296903836254	1.43544
0.00023940296903836254	4.23803
0.00023940296903836254	0.08072
0.0002712904943957608	0.00394
0.0002712904943957608	-0.24422
0.0002894530038543256	3.92141
0.0002894530038543256	-0.4313
0.0003740187648231591	-0.35794
0.0003740187648231591	0.18132
0.00030090496650163996	-0.26151
0.00029389886730903775	-1.2678
0.00029389886730903775	-0.03377
0.00031307918453046774	1.02155
0.00031307918453046774	0.44239
0.00034928790268507767	-0.30639
0.00025380103120058227	-0.23927
0.000281778503179577	-0.71682
0.0003000303934254344	-0.12323
0.0003000303934254344	1.02551
0.0003000303934254344	0.24993
0.0003469082544227597	0.17375
0.0003469082544227597	0.23234
0.00027448494917501606	-1.49382
0.00027448494917501606	-0.36106
0.00023814313623075434	-0.8582400000000001
0.00023814313623075434	0.222
0.0003456654579789914	0.23159
0.0003456654579789914	-0.08397
0.00020215910351462782	0.3762
0.00020215910351462782	0.68013
0.00020215910351462782	3.25315
