HNF4G	S__Candida albicans
0.0003106618273654413	0.32503
0.00020874409738308702	-0.08325
0.00020874409738308702	0.50394
0.00028601792596123516	0.23983
0.0001454151093847909	0.06814
0.0001454151093847909	0.04026
0.00048353018947024844	-1.85008
0.00027513450350797307	-0.65826
0.00027513450350797307	-1.52294
0.00027513450350797307	-0.14649
8.268000127794655e-05	-0.73077
8.268000127794655e-05	-1.81208
0.00028892815658834107	1.51976
0.00015119054733303018	-1.1304
0.00012508324158679404	0.7337
0.00012508324158679404	-0.09888
0.00020438007263178865	-1.2487
0.0003054365370912703	0.84517
0.0003054365370912703	-0.64377
0.00011889758200361591	1.43544
0.00011889758200361591	4.23803
0.00011889758200361591	0.08072
9.340192821805087e-05	0.00394
9.340192821805087e-05	-0.24422
0.00026737244908005736	3.92141
0.00026737244908005736	-0.4313
0.00015552703641581899	-0.35794
0.00015552703641581899	0.18132
0.000213986389179893	-0.26151
0.00021051758168397217	-1.2678
0.00021051758168397217	-0.03377
0.0003895079083925558	1.02155
0.0003895079083925558	0.44239
0.00026703752611884415	-0.30639
7.110409655449189e-05	-0.23927
0.0001369966413396789	-0.71682
0.00029116618117496423	-0.12323
0.00029116618117496423	1.02551
0.00029116618117496423	0.24993
0.00019616446470583311	0.17375
0.00019616446470583311	0.23234
0.00011155788465593752	-1.49382
0.00011155788465593752	-0.36106
0.0002304984010779462	-0.8582400000000001
0.0002304984010779462	0.222
0.00012447174938971748	0.23159
0.00012447174938971748	-0.08397
7.036043183718259e-05	0.3762
7.036043183718259e-05	0.68013
7.036043183718259e-05	3.25315
