IL17REL	S__Candida albicans
4.938979767336109e-07	0.32503
8.964103809751804e-07	-0.08325
8.964103809751804e-07	0.50394
1.8162992764454203e-06	0.23983
3.859452154583697e-06	0.06814
3.859452154583697e-06	0.04026
1.9364714994026567e-06	-1.85008
4.558981002617615e-07	-0.65826
4.558981002617615e-07	-1.52294
4.558981002617615e-07	-0.14649
1.6608473594912565e-06	-0.73077
1.6608473594912565e-06	-1.81208
1.8768370797780331e-06	1.51976
6.8649866511467776e-06	-1.1304
6.41684259585432e-07	0.7337
6.41684259585432e-07	-0.09888
3.157277462478325e-06	-1.2487
3.280344670431304e-06	0.84517
3.280344670431304e-06	-0.64377
2.6876740818901334e-06	1.43544
2.6876740818901334e-06	4.23803
2.6876740818901334e-06	0.08072
1.0218097717354455e-06	0.00394
1.0218097717354455e-06	-0.24422
1.4006322058304495e-06	3.92141
1.4006322058304495e-06	-0.4313
2.212081646694814e-06	-0.35794
2.212081646694814e-06	0.18132
6.122643467235851e-07	-0.26151
1.5013582700423643e-06	-1.2678
1.5013582700423643e-06	-0.03377
3.51257209508804e-07	1.02155
3.51257209508804e-07	0.44239
2.4357594329503323e-06	-0.30639
1.868173930345152e-06	-0.23927
2.719017309031795e-06	-0.71682
1.8810682973381467e-06	-0.12323
1.8810682973381467e-06	1.02551
1.8810682973381467e-06	0.24993
1.1119692897629753e-06	0.17375
1.1119692897629753e-06	0.23234
2.185369009118179e-06	-1.49382
2.185369009118179e-06	-0.36106
6.606164690872018e-06	-0.8582400000000001
6.606164690872018e-06	0.222
5.707138238704724e-07	0.23159
5.707138238704724e-07	-0.08397
3.411805020467225e-06	0.3762
3.411805020467225e-06	0.68013
3.411805020467225e-06	3.25315
