IL27RA	S__Candida albicans
4.586195498240673e-06	0.32503
1.144844115131159e-05	-0.08325
1.144844115131159e-05	0.50394
1.1873049949965874e-05	0.23983
1.7925953597114022e-05	0.06814
1.7925953597114022e-05	0.04026
8.169790206435089e-06	-1.85008
8.347277121459394e-06	-0.65826
8.347277121459394e-06	-1.52294
8.347277121459394e-06	-0.14649
9.934886932229515e-06	-0.73077
9.934886932229515e-06	-1.81208
7.12325142836686e-06	1.51976
2.5698006473675105e-05	-1.1304
1.681032003984371e-05	0.7337
1.681032003984371e-05	-0.09888
1.8514520265406876e-05	-1.2487
2.1443734604856486e-05	0.84517
2.1443734604856486e-05	-0.64377
1.738189220222399e-05	1.43544
1.738189220222399e-05	4.23803
1.738189220222399e-05	0.08072
1.5625174426121188e-05	0.00394
1.5625174426121188e-05	-0.24422
1.0941409231428454e-05	3.92141
1.0941409231428454e-05	-0.4313
1.380338947537564e-05	-0.35794
1.380338947537564e-05	0.18132
1.4434131974008518e-05	-0.26151
1.2234472711196289e-05	-1.2678
1.2234472711196289e-05	-0.03377
1.214865452197691e-05	1.02155
1.214865452197691e-05	0.44239
1.02040921958955e-05	-0.30639
1.4849363810827587e-05	-0.23927
2.0497207406547375e-05	-0.71682
1.3592651052683183e-05	-0.12323
1.3592651052683183e-05	1.02551
1.3592651052683183e-05	0.24993
8.869590334815261e-06	0.17375
8.869590334815261e-06	0.23234
1.3476442222895438e-05	-1.49382
1.3476442222895438e-05	-0.36106
1.9786373336679886e-05	-0.8582400000000001
1.9786373336679886e-05	0.222
5.314187737023416e-06	0.23159
5.314187737023416e-06	-0.08397
3.218683981572854e-05	0.3762
3.218683981572854e-05	0.68013
3.218683981572854e-05	3.25315
