IL2RB	S__Candida albicans
1.8760283465452872e-05	0.32503
2.080525808034776e-05	-0.08325
2.080525808034776e-05	0.50394
3.124392646969166e-05	0.23983
5.86339846561754e-05	0.06814
5.86339846561754e-05	0.04026
2.8401581991238962e-05	-1.85008
1.6303784442694422e-05	-0.65826
1.6303784442694422e-05	-1.52294
1.6303784442694422e-05	-0.14649
2.358403250477584e-05	-0.73077
2.358403250477584e-05	-1.81208
2.5551172709350242e-05	1.51976
4.4457916747202935e-05	-1.1304
5.112687121795477e-05	0.7337
5.112687121795477e-05	-0.09888
3.544273850476275e-05	-1.2487
4.4260354201411995e-05	0.84517
4.4260354201411995e-05	-0.64377
4.016312965824512e-05	1.43544
4.016312965824512e-05	4.23803
4.016312965824512e-05	0.08072
3.687881767821846e-05	0.00394
3.687881767821846e-05	-0.24422
4.518274715749521e-05	3.92141
4.518274715749521e-05	-0.4313
2.2740199328022687e-05	-0.35794
2.2740199328022687e-05	0.18132
3.427915011218672e-05	-0.26151
3.37725751277083e-05	-1.2678
3.37725751277083e-05	-0.03377
4.2962390418197506e-05	1.02155
4.2962390418197506e-05	0.44239
2.414881494953615e-05	-0.30639
4.050620110654909e-05	-0.23927
9.632757902510076e-05	-0.71682
3.020016499288093e-05	-0.12323
3.020016499288093e-05	1.02551
3.020016499288093e-05	0.24993
2.6504115071291623e-05	0.17375
2.6504115071291623e-05	0.23234
3.2377282521994926e-05	-1.49382
3.2377282521994926e-05	-0.36106
3.8791142098913e-05	-0.8582400000000001
3.8791142098913e-05	0.222
1.435204927569352e-05	0.23159
1.435204927569352e-05	-0.08397
5.725395066421793e-05	0.3762
5.725395066421793e-05	0.68013
5.725395066421793e-05	3.25315
