IL36A	S__Candida albicans
7.839650424343031e-09	0.32503
8.537241723573147e-09	-0.08325
8.537241723573147e-09	0.50394
0.0	0.23983
2.1205781069141196e-08	0.06814
2.1205781069141196e-08	0.04026
0.0	-1.85008
1.0854716672899083e-08	-0.65826
1.0854716672899083e-08	-1.52294
1.0854716672899083e-08	-0.14649
0.0	-0.73077
0.0	-1.81208
8.729474789665269e-09	1.51976
1.4621909800099632e-08	-1.1304
9.037806473034252e-09	0.7337
9.037806473034252e-09	-0.09888
6.130635849472475e-08	-1.2487
1.2149424705301124e-08	0.84517
1.2149424705301124e-08	-0.64377
0.0	1.43544
0.0	4.23803
0.0	0.08072
0.0	0.00394
0.0	-0.24422
0.0	3.92141
0.0	-0.4313
1.769665317355851e-08	-0.35794
1.769665317355851e-08	0.18132
7.653304334044814e-09	-0.26151
0.0	-1.2678
0.0	-0.03377
2.4224635138538204e-08	1.02155
2.4224635138538204e-08	0.44239
8.699140831965473e-09	-0.30639
0.0	-0.23927
0.0	-0.71682
0.0	-0.12323
0.0	1.02551
0.0	0.24993
2.6163983288540595e-08	0.17375
2.6163983288540595e-08	0.23234
0.0	-1.49382
0.0	-0.36106
2.1413823957445765e-08	-0.8582400000000001
2.1413823957445765e-08	0.222
0.0	0.23159
0.0	-0.08397
2.5749471852582832e-08	0.3762
2.5749471852582832e-08	0.68013
2.5749471852582832e-08	3.25315
