IL4I1	S__Candida albicans
9.172390996481346e-07	0.32503
6.445617501297726e-06	-0.08325
6.445617501297726e-06	0.50394
1.600669657911752e-05	0.23983
6.036579011015527e-06	0.06814
6.036579011015527e-06	0.04026
5.327705169998354e-06	-1.85008
3.3649621685987155e-06	-0.65826
3.3649621685987155e-06	-1.52294
3.3649621685987155e-06	-0.14649
1.9930168313895077e-06	-0.73077
1.9930168313895077e-06	-1.81208
5.473380693120124e-06	1.51976
1.58793940429082e-05	-1.1304
1.1270144671873714e-05	0.7337
1.1270144671873714e-05	-0.09888
4.3757413375609796e-06	-1.2487
6.80367783496863e-06	0.84517
6.80367783496863e-06	-0.64377
9.878802056947367e-06	1.43544
9.878802056947367e-06	4.23803
9.878802056947367e-06	0.08072
1.502060364451105e-05	0.00394
1.502060364451105e-05	-0.24422
7.1185072108088735e-06	3.92141
7.1185072108088735e-06	-0.4313
5.857592200447867e-06	-0.35794
5.857592200447867e-06	0.18132
9.68142998256669e-06	-0.26151
5.949531442455114e-06	-1.2678
5.949531442455114e-06	-0.03377
4.796477757430565e-06	1.02155
4.796477757430565e-06	0.44239
4.22778244433522e-06	-0.30639
2.308155080295599e-05	-0.23927
1.2107760837654402e-05	-0.71682
6.661043217286451e-06	-0.12323
6.661043217286451e-06	1.02551
6.661043217286451e-06	0.24993
5.324370599218011e-06	0.17375
5.324370599218011e-06	0.23234
7.648791531913627e-06	-1.49382
7.648791531913627e-06	-0.36106
5.792439380489079e-06	-0.8582400000000001
5.792439380489079e-06	0.222
2.264143366830399e-06	0.23159
2.264143366830399e-06	-0.08397
2.2904155212872428e-05	0.3762
2.2904155212872428e-05	0.68013
2.2904155212872428e-05	3.25315
