IL7R	S__Candida albicans
2.4075566453157447e-05	0.32503
4.6869457062416575e-05	-0.08325
4.6869457062416575e-05	0.50394
0.00020593970663026717	0.23983
7.58318731032489e-05	0.06814
7.58318731032489e-05	0.04026
9.390441644118255e-05	-1.85008
2.7766365249275854e-05	-0.65826
2.7766365249275854e-05	-1.52294
2.7766365249275854e-05	-0.14649
8.497499035651628e-05	-0.73077
8.497499035651628e-05	-1.81208
7.056034472486438e-05	1.51976
0.000275323250580976	-1.1304
0.00014663841002498075	0.7337
0.00014663841002498075	-0.09888
9.595211433905609e-05	-1.2487
0.00011268591414166793	0.84517
0.00011268591414166793	-0.64377
0.00011152247633842928	1.43544
0.00011152247633842928	4.23803
0.00011152247633842928	0.08072
0.00026432515778509753	0.00394
0.00026432515778509753	-0.24422
6.0738003655188674e-05	3.92141
6.0738003655188674e-05	-0.4313
5.5063136349527315e-05	-0.35794
5.5063136349527315e-05	0.18132
7.174972813167013e-05	-0.26151
9.970456383765383e-05	-1.2678
9.970456383765383e-05	-0.03377
0.0001312854101333078	1.02155
0.0001312854101333078	0.44239
4.741031753421183e-05	-0.30639
0.0002459093058125822	-0.23927
0.00010676209844181251	-0.71682
0.00013264108302120698	-0.12323
0.00013264108302120698	1.02551
0.00013264108302120698	0.24993
7.174164217717831e-05	0.17375
7.174164217717831e-05	0.23234
6.060496555643807e-05	-1.49382
6.060496555643807e-05	-0.36106
6.502307644678406e-05	-0.8582400000000001
6.502307644678406e-05	0.222
1.9553965440807988e-05	0.23159
1.9553965440807988e-05	-0.08397
0.00023760325151970808	0.3762
0.00023760325151970808	0.68013
0.00023760325151970808	3.25315
