NOD2	S__Candida albicans
1.528731832746891e-06	0.32503
2.6550821760312487e-06	-0.08325
2.6550821760312487e-06	0.50394
7.068356790107792e-06	0.23983
6.248636821706939e-06	0.06814
6.248636821706939e-06	0.04026
4.52806768517039e-06	-1.85008
1.9972678678134315e-06	-0.65826
1.9972678678134315e-06	-1.52294
1.9972678678134315e-06	-0.14649
3.2009058201104214e-06	-0.73077
3.2009058201104214e-06	-1.81208
2.3831466175786185e-06	1.51976
3.1583325168215204e-06	-1.1304
5.070209431372216e-06	0.7337
5.070209431372216e-06	-0.09888
3.1189609884191217e-06	-1.2487
3.5233331645373266e-06	0.84517
3.5233331645373266e-06	-0.64377
5.7273054840277846e-06	1.43544
5.7273054840277846e-06	4.23803
5.7273054840277846e-06	0.08072
1.3079165078213704e-05	0.00394
1.3079165078213704e-05	-0.24422
2.9495666452194172e-06	3.92141
2.9495666452194172e-06	-0.4313
1.9023902161575402e-06	-0.35794
1.9023902161575402e-06	0.18132
2.7858027775923122e-06	-0.26151
4.8075408434335286e-06	-1.2678
4.8075408434335286e-06	-0.03377
3.282438061271927e-06	1.02155
3.282438061271927e-06	0.44239
2.9229113195403986e-06	-0.30639
6.5386087562080325e-06	-0.23927
2.928172486649625e-06	-0.71682
4.934583273154179e-06	-0.12323
4.934583273154179e-06	1.02551
4.934583273154179e-06	0.24993
3.97692545985817e-06	0.17375
3.97692545985817e-06	0.23234
4.865047675060708e-06	-1.49382
4.865047675060708e-06	-0.36106
3.190659769659419e-06	-0.8582400000000001
3.190659769659419e-06	0.222
1.225631326672654e-06	0.23159
1.225631326672654e-06	-0.08397
7.351474213912399e-06	0.3762
7.351474213912399e-06	0.68013
7.351474213912399e-06	3.25315
