TLR6	S__Candida albicans
3.4572858371352763e-06	0.32503
7.5042354750207965e-06	-0.08325
7.5042354750207965e-06	0.50394
1.4709339953085077e-05	0.23983
9.175034609248423e-06	0.06814
9.175034609248423e-06	0.04026
7.090761311245549e-06	-1.85008
5.427358336449541e-06	-0.65826
5.427358336449541e-06	-1.52294
5.427358336449541e-06	-0.14649
8.304236797456283e-06	-0.73077
8.304236797456283e-06	-1.81208
6.739154537621588e-06	1.51976
1.98857973281355e-05	-1.1304
1.3827843903742407e-05	0.7337
1.3827843903742407e-05	-0.09888
1.2138658981955502e-05	-1.2487
1.2015781033542814e-05	0.84517
1.2015781033542814e-05	-0.64377
1.399030347983882e-05	1.43544
1.399030347983882e-05	4.23803
1.399030347983882e-05	0.08072
1.8060487715424002e-05	0.00394
1.8060487715424002e-05	-0.24422
1.2226695255602277e-05	3.92141
1.2226695255602277e-05	-0.4313
1.438737903010307e-05	-0.35794
1.438737903010307e-05	0.18132
8.808953288485581e-06	-0.26151
1.1044566422705265e-05	-1.2678
1.1044566422705265e-05	-0.03377
6.795010156359966e-06	1.02155
6.795010156359966e-06	0.44239
6.385169370662657e-06	-0.30639
1.4150981033128467e-05	-0.23927
1.5105651716843303e-05	-0.71682
1.2136755726661192e-05	-0.12323
1.2136755726661192e-05	1.02551
1.2136755726661192e-05	0.24993
8.738770418372559e-06	0.17375
8.738770418372559e-06	0.23234
9.821152392168007e-06	-1.49382
9.821152392168007e-06	-0.36106
1.0043083436042064e-05	-0.8582400000000001
1.0043083436042064e-05	0.222
2.0957360089669807e-06	0.23159
2.0957360089669807e-06	-0.08397
3.171047458645576e-05	0.3762
3.171047458645576e-05	0.68013
3.171047458645576e-05	3.25315
