TNF	S__Candida albicans
6.585306356448146e-07	0.32503
3.013646328421321e-06	-0.08325
3.013646328421321e-06	0.50394
2.351347043595352e-05	0.23983
6.043647604705241e-06	0.06814
6.043647604705241e-06	0.04026
8.01564322140801e-06	-1.85008
2.7028244515518717e-06	-0.65826
2.7028244515518717e-06	-1.52294
2.7028244515518717e-06	-0.14649
2.2949890785697364e-06	-0.73077
2.2949890785697364e-06	-1.81208
2.906915104958535e-06	1.51976
4.006403285227299e-06	-1.1304
6.624712144734108e-06	0.7337
6.624712144734108e-06	-0.09888
2.7357962478270923e-06	-1.2487
3.401838917484315e-06	0.84517
3.401838917484315e-06	-0.64377
6.935159014877219e-06	1.43544
6.935159014877219e-06	4.23803
6.935159014877219e-06	0.08072
1.184447827070004e-05	0.00394
1.184447827070004e-05	-0.24422
2.3234016590834516e-06	3.92141
2.3234016590834516e-06	-0.4313
3.9994436172242235e-06	-0.35794
3.9994436172242235e-06	0.18132
2.716923038585909e-06	-0.26151
3.090561970778697e-06	-1.2678
3.090561970778697e-06	-0.03377
1.4655904258815615e-06	1.02155
1.4655904258815615e-06	0.44239
4.558349795949907e-06	-0.30639
1.5050148859416084e-05	-0.23927
5.902823901658768e-06	-0.71682
3.014862887514564e-06	-0.12323
3.014862887514564e-06	1.02551
3.014862887514564e-06	0.24993
2.6556443037868702e-06	0.17375
2.6556443037868702e-06	0.23234
3.980493552322397e-06	-1.49382
3.980493552322397e-06	-0.36106
5.128610837808261e-06	-0.8582400000000001
5.128610837808261e-06	0.222
1.56244604239949e-06	0.23159
1.56244604239949e-06	-0.08397
1.100789921697916e-05	0.3762
1.100789921697916e-05	0.68013
1.100789921697916e-05	3.25315
