BTNL3	S__Candida albicans
0.00021679769283478216	0.32503
3.7837055318876186e-05	-0.08325
3.7837055318876186e-05	0.50394
0.00016832531176240242	0.23983
8.492915318191049e-05	0.06814
8.492915318191049e-05	0.04026
0.0002800079983016856	-1.85008
0.0002175285221248976	-0.65826
0.0002175285221248976	-1.52294
0.0002175285221248976	-0.14649
8.554873762615872e-05	-0.73077
8.554873762615872e-05	-1.81208
0.00012958905325258092	1.51976
7.383333353560309e-05	-1.1304
9.96598919781487e-05	0.7337
9.96598919781487e-05	-0.09888
0.0001667609584004632	-1.2487
0.00011727839668027176	0.84517
0.00011727839668027176	-0.64377
2.0117560464147874e-05	1.43544
2.0117560464147874e-05	4.23803
2.0117560464147874e-05	0.08072
8.210241515894305e-05	0.00394
8.210241515894305e-05	-0.24422
0.0001100732133523224	3.92141
0.0001100732133523224	-0.4313
0.00013446801913928437	-0.35794
0.00013446801913928437	0.18132
0.0001043298446816989	-0.26151
0.00015501524138187412	-1.2678
0.00015501524138187412	-0.03377
0.0001370508732962799	1.02155
0.0001370508732962799	0.44239
0.00016644936067882735	-0.30639
8.673914099023099e-05	-0.23927
9.999941436550267e-05	-0.71682
0.00016077980330467625	-0.12323
0.00016077980330467625	1.02551
0.00016077980330467625	0.24993
9.538080107837473e-05	0.17375
9.538080107837473e-05	0.23234
9.303428067388819e-05	-1.49382
9.303428067388819e-05	-0.36106
2.4336810927637112e-05	-0.8582400000000001
2.4336810927637112e-05	0.222
0.00013740169208789767	0.23159
0.00013740169208789767	-0.08397
6.728336995079894e-05	0.3762
6.728336995079894e-05	0.68013
6.728336995079894e-05	3.25315
