BTNL8	S__Candida albicans
0.0002191795709664193	0.29584
0.00034580397861251193	0.7794
0.00016211514737107653	-1.03304
0.0001160960555274961	1.13112
0.0001911901312651788	-0.51516
0.00021998462803999365	1.858
0.00021998462803999365	0.23791
9.06355145432744e-05	-1.18808
9.06355145432744e-05	-0.95114
8.024095870854622e-05	-1.5122
8.024095870854622e-05	0.22428
8.024095870854622e-05	0.57979
0.00013435256322263204	-0.41099
0.00013435256322263204	0.03454
0.00013435256322263204	-1.60349
5.143250943467747e-05	-1.49297
5.143250943467747e-05	-0.35345
0.00014308772302238748	-0.61018
0.00014308772302238748	-0.20096
0.00014308772302238748	-0.76835
0.00014308772302238748	-0.50353
0.00014308772302238748	0.24569
0.00014308772302238748	-0.18705
0.00014756629484726964	0.01694
0.00014756629484726964	0.8065
0.00014916748482458655	-0.34695
0.00011561221359847067	-0.53585
0.00011561221359847067	-0.13431
0.00021913464022753665	-0.80388
0.00021913464022753665	-0.51386
0.00021913464022753665	0.47334
0.00021913464022753665	1.25747
4.0801748201134984e-05	0.02639
4.0801748201134984e-05	-0.36834
4.0801748201134984e-05	0.29336
0.00014208020434805345	-1.18484
0.00024927529997067685	-0.25861
0.0001007329429844695	-1.44473
0.0001007329429844695	-0.92381
