IL21	S__Candida albicans
1.2265034074491115e-06	0.49728
1.7546971765777257e-07	-0.47117
1.7546971765777257e-07	0.85484
4.985411729174078e-07	0.89409
1.0688253650346936e-07	0.62543
1.0688253650346936e-07	-0.62331
1.7146447608986465e-07	-1.14464
2.830940988459471e-08	-0.6532
5.58040633607423e-07	-0.06462
5.58040633607423e-07	0.8792
5.58040633607423e-07	0.96575
5.58040633607423e-07	-0.19221
7.258752236688992e-07	-1.47317
5.861521131369832e-07	-0.38873
5.861521131369832e-07	0.18053
2.954740703375545e-07	1.45122
2.290661899826202e-07	-1.19992
7.552950770622173e-08	-0.02817
1.539656232741416e-07	-1.05022
1.539656232741416e-07	-0.40852
4.5371958784326153e-07	1.23153
4.4356312117034423e-07	-0.20599
4.4356312117034423e-07	-1.64017
4.4356312117034423e-07	-0.58229
6.072812961759464e-07	0.72237
5.59421181821068e-07	0.53586
5.59421181821068e-07	-0.92118
