IL23A	S__Candida albicans
5.241934945212444e-06	0.49728
2.0964013635954933e-06	-0.47117
2.0964013635954933e-06	0.85484
9.287890344762665e-07	0.89409
2.219868065841287e-07	0.62543
2.219868065841287e-07	-0.62331
7.334869254955321e-07	-1.14464
2.925305688074787e-07	-0.6532
2.288775352331894e-06	-0.06462
2.288775352331894e-06	0.8792
2.288775352331894e-06	0.96575
2.288775352331894e-06	-0.19221
1.0238661049645525e-06	-1.47317
2.151795257437083e-06	-0.38873
2.151795257437083e-06	0.18053
2.3238636342764422e-06	1.45122
1.5630398845872909e-06	-1.19992
4.855468352542825e-07	-0.02817
1.2830468606178466e-07	-1.05022
1.2830468606178466e-07	-0.40852
4.016752821788874e-06	1.23153
3.2186759818258315e-06	-0.20599
3.2186759818258315e-06	-1.64017
3.2186759818258315e-06	-0.58229
1.5017902324351108e-06	0.72237
1.363589130688853e-06	0.53586
1.363589130688853e-06	-0.92118
