IL2RA	S__Candida albicans
1.8460048100651272e-05	0.49728
1.0020244403088592e-05	-0.47117
1.0020244403088592e-05	0.85484
1.4307448729616018e-05	0.89409
1.67723364974675e-06	0.62543
1.67723364974675e-06	-0.62331
6.925259673185089e-06	-1.14464
2.500664539805866e-06	-0.6532
1.3279749570773748e-05	-0.06462
1.3279749570773748e-05	0.8792
1.3279749570773748e-05	0.96575
1.3279749570773748e-05	-0.19221
1.7077169735789364e-05	-1.47317
1.044276264720362e-05	-0.38873
1.044276264720362e-05	0.18053
7.3389370443300695e-06	1.45122
2.468525059106825e-05	-1.19992
8.103237183910358e-06	-0.02817
2.0964985702495613e-05	-1.05022
2.0964985702495613e-05	-0.40852
3.274787848727541e-05	1.23153
9.110104104037071e-06	-0.20599
9.110104104037071e-06	-1.64017
9.110104104037071e-06	-0.58229
1.165323568337627e-05	0.72237
3.1315931574025197e-05	0.53586
3.1315931574025197e-05	-0.92118
