TLR4	S__Candida albicans
3.624825357047055e-05	0.49728
3.0310084913305767e-05	-0.47117
3.0310084913305767e-05	0.85484
2.887441204239452e-05	0.89409
1.5958384873325696e-05	0.62543
1.5958384873325696e-05	-0.62331
3.837946523144804e-05	-1.14464
2.7677166397172096e-05	-0.6532
3.6151328003263486e-05	-0.06462
3.6151328003263486e-05	0.8792
3.6151328003263486e-05	0.96575
3.6151328003263486e-05	-0.19221
2.7170655740701108e-05	-1.47317
2.847465265397029e-05	-0.38873
2.847465265397029e-05	0.18053
2.383757026912433e-05	1.45122
4.484307530953883e-05	-1.19992
2.524843543322269e-05	-0.02817
4.4188133879678635e-05	-1.05022
4.4188133879678635e-05	-0.40852
5.4152767278469275e-05	1.23153
2.4600693104909094e-05	-0.20599
2.4600693104909094e-05	-1.64017
2.4600693104909094e-05	-0.58229
3.0897487568951866e-05	0.72237
3.700338025587272e-05	0.53586
3.700338025587272e-05	-0.92118
