TNFAIP2	S__Candida albicans
7.300429517587226e-05	0.49728
5.188362493691402e-05	-0.47117
5.188362493691402e-05	0.85484
5.321414821058139e-05	0.89409
2.017613419842414e-05	0.62543
2.017613419842414e-05	-0.62331
3.4769185429333664e-05	-1.14464
2.0354465707023596e-05	-0.6532
5.8303114893853804e-05	-0.06462
5.8303114893853804e-05	0.8792
5.8303114893853804e-05	0.96575
5.8303114893853804e-05	-0.19221
3.8692969817466373e-05	-1.47317
4.058332130693165e-05	-0.38873
4.058332130693165e-05	0.18053
4.193336063087834e-05	1.45122
4.305096923496892e-05	-1.19992
5.361516054174511e-05	-0.02817
6.253570398651384e-05	-1.05022
6.253570398651384e-05	-0.40852
0.00012499974645081857	1.23153
5.757221844523802e-05	-0.20599
5.757221844523802e-05	-1.64017
5.757221844523802e-05	-0.58229
3.8611601331186864e-05	0.72237
6.706061417080052e-05	0.53586
6.706061417080052e-05	-0.92118
