IL10RA	S__Candida albicans
3.6030739622834995e-05	0.29584
2.02313548273723e-05	0.7794
1.6657043954173556e-05	-1.03304
2.9568042148786847e-05	1.13112
3.700824328496184e-05	-0.51516
2.4643288037300023e-05	1.858
2.4643288037300023e-05	0.23791
4.6343988072996895e-05	-1.18808
4.6343988072996895e-05	-0.95114
6.239164797437715e-05	-1.5122
6.239164797437715e-05	0.22428
6.239164797437715e-05	0.57979
5.8031488967856975e-05	-0.41099
5.8031488967856975e-05	0.03454
5.8031488967856975e-05	-1.60349
4.88545185533601e-05	-1.49297
4.88545185533601e-05	-0.35345
2.568196109775284e-05	-0.61018
2.568196109775284e-05	-0.20096
2.568196109775284e-05	-0.76835
2.568196109775284e-05	-0.50353
2.568196109775284e-05	0.24569
2.568196109775284e-05	-0.18705
2.3571681463055343e-05	0.01694
2.3571681463055343e-05	0.8065
2.7365753916525353e-05	-0.34695
2.3037120052831794e-05	-0.53585
2.3037120052831794e-05	-0.13431
2.8514065004152802e-05	-0.80388
2.8514065004152802e-05	-0.51386
2.8514065004152802e-05	0.47334
2.8514065004152802e-05	1.25747
2.0785312682864618e-05	0.02639
2.0785312682864618e-05	-0.36834
2.0785312682864618e-05	0.29336
5.047951441112811e-05	-1.18484
2.5340514251986824e-05	-0.25861
5.3159603185006266e-05	-1.44473
5.3159603185006266e-05	-0.92381
