IL17C	S__Candida albicans
0.0	0.29584
0.0	0.7794
1.4371910227932317e-08	-1.03304
1.6934732043978718e-08	1.13112
2.868856068601693e-08	-0.51516
2.9468804827862508e-08	1.858
2.9468804827862508e-08	0.23791
4.461873049389945e-08	-1.18808
4.461873049389945e-08	-0.95114
3.407982956404596e-08	-1.5122
3.407982956404596e-08	0.22428
3.407982956404596e-08	0.57979
2.5437531692514744e-08	-0.41099
2.5437531692514744e-08	0.03454
2.5437531692514744e-08	-1.60349
2.1218031944998957e-08	-1.49297
2.1218031944998957e-08	-0.35345
0.0	-0.61018
0.0	-0.20096
0.0	-0.76835
0.0	-0.50353
0.0	0.24569
0.0	-0.18705
1.3515872398540907e-08	0.01694
1.3515872398540907e-08	0.8065
1.3786274013362897e-08	-0.34695
0.0	-0.53585
0.0	-0.13431
1.3280887286517373e-08	-0.80388
1.3280887286517373e-08	-0.51386
1.3280887286517373e-08	0.47334
1.3280887286517373e-08	1.25747
0.0	0.02639
0.0	-0.36834
0.0	0.29336
1.32179927758911e-08	-1.18484
0.0	-0.25861
4.80538785853164e-08	-1.44473
4.80538785853164e-08	-0.92381
