IL17RB	S__Candida albicans
2.0448915560312587e-05	0.29584
1.4409080870840727e-05	0.7794
1.9718260832723137e-05	-1.03304
1.839958636578288e-05	1.13112
1.735657921504024e-05	-0.51516
2.3781325496085046e-05	1.858
2.3781325496085046e-05	0.23791
1.473905397315145e-05	-1.18808
1.473905397315145e-05	-0.95114
2.9036014788567158e-05	-1.5122
2.9036014788567158e-05	0.22428
2.9036014788567158e-05	0.57979
3.0236746005169195e-05	-0.41099
3.0236746005169195e-05	0.03454
3.0236746005169195e-05	-1.60349
2.482509737564878e-05	-1.49297
2.482509737564878e-05	-0.35345
1.8984611899776226e-05	-0.61018
1.8984611899776226e-05	-0.20096
1.8984611899776226e-05	-0.76835
1.8984611899776226e-05	-0.50353
1.8984611899776226e-05	0.24569
1.8984611899776226e-05	-0.18705
1.3529388270939448e-05	0.01694
1.3529388270939448e-05	0.8065
1.9052630686467525e-05	-0.34695
1.6637920038156297e-05	-0.53585
1.6637920038156297e-05	-0.13431
1.7265153472472586e-05	-0.80388
1.7265153472472586e-05	-0.51386
1.7265153472472586e-05	0.47334
1.7265153472472586e-05	1.25747
1.658211751641604e-05	0.02639
1.658211751641604e-05	-0.36834
1.658211751641604e-05	0.29336
2.498200634643418e-05	-1.18484
1.8428330650017004e-05	-0.25861
3.724175590362021e-05	-1.44473
3.724175590362021e-05	-0.92381
