IL18R1	S__Candida albicans
5.205826803497189e-06	0.29584
4.202648587328545e-06	0.7794
4.139110145644507e-06	-1.03304
4.817931266511946e-06	1.13112
5.7950892585754196e-06	-0.51516
4.081429468658957e-06	1.858
4.081429468658957e-06	0.23791
4.313143947743613e-06	-1.18808
4.313143947743613e-06	-0.95114
9.840550786618272e-06	-1.5122
9.840550786618272e-06	0.22428
9.840550786618272e-06	0.57979
8.928573624072675e-06	-0.41099
8.928573624072675e-06	0.03454
8.928573624072675e-06	-1.60349
8.031025091182106e-06	-1.49297
8.031025091182106e-06	-0.35345
4.974671451515437e-06	-0.61018
4.974671451515437e-06	-0.20096
4.974671451515437e-06	-0.76835
4.974671451515437e-06	-0.50353
4.974671451515437e-06	0.24569
4.974671451515437e-06	-0.18705
4.500785508714122e-06	0.01694
4.500785508714122e-06	0.8065
6.258968402066756e-06	-0.34695
4.731529707820671e-06	-0.53585
4.731529707820671e-06	-0.13431
6.109208151797992e-06	-0.80388
6.109208151797992e-06	-0.51386
6.109208151797992e-06	0.47334
6.109208151797992e-06	1.25747
2.639811598440266e-06	0.02639
2.639811598440266e-06	-0.36834
2.639811598440266e-06	0.29336
9.133633008140751e-06	-1.18484
4.554055983247263e-06	-0.25861
8.96204835616151e-06	-1.44473
8.96204835616151e-06	-0.92381
