IL1F10	S__Candida albicans
0.0	0.29584
0.0	0.7794
0.0	-1.03304
0.0	1.13112
0.0	-0.51516
0.0	1.858
0.0	0.23791
7.436455082316574e-09	-1.18808
7.436455082316574e-09	-0.95114
8.51995739101149e-09	-1.5122
8.51995739101149e-09	0.22428
8.51995739101149e-09	0.57979
0.0	-0.41099
0.0	0.03454
0.0	-1.60349
0.0	-1.49297
0.0	-0.35345
0.0	-0.61018
0.0	-0.20096
0.0	-0.76835
0.0	-0.50353
0.0	0.24569
0.0	-0.18705
0.0	0.01694
0.0	0.8065
0.0	-0.34695
0.0	-0.53585
0.0	-0.13431
0.0	-0.80388
0.0	-0.51386
0.0	0.47334
0.0	1.25747
0.0	0.02639
0.0	-0.36834
0.0	0.29336
2.64359855517822e-08	-1.18484
0.0	-0.25861
1.20134696463291e-08	-1.44473
1.20134696463291e-08	-0.92381
