IL2RG	S__Candida albicans
0.00016804836797864556	0.29584
0.0001551768651148487	0.7794
0.00016865436652478574	-1.03304
0.0001549443308363833	1.13112
0.0002354087661358929	-0.51516
0.00016463484537206088	1.858
0.00016463484537206088	0.23791
0.00032043684949702124	-1.18808
0.00032043684949702124	-0.95114
0.00024263986653861623	-1.5122
0.00024263986653861623	0.22428
0.00024263986653861623	0.57979
0.00020389877486996736	-0.41099
0.00020389877486996736	0.03454
0.00020389877486996736	-1.60349
0.00032841269844469383	-1.49297
0.00032841269844469383	-0.35345
0.0002161960571808776	-0.61018
0.0002161960571808776	-0.20096
0.0002161960571808776	-0.76835
0.0002161960571808776	-0.50353
0.0002161960571808776	0.24569
0.0002161960571808776	-0.18705
0.00017546305547785806	0.01694
0.00017546305547785806	0.8065
0.00014631372610382043	-0.34695
0.0002409589678253265	-0.53585
0.0002409589678253265	-0.13431
0.00018852219503211412	-0.80388
0.00018852219503211412	-0.51386
0.00018852219503211412	0.47334
0.00018852219503211412	1.25747
0.00020070256919791965	0.02639
0.00020070256919791965	-0.36834
0.00020070256919791965	0.29336
0.000345439023205138	-1.18484
0.0002781342903521862	-0.25861
0.00023920019412805872	-1.44473
0.00023920019412805872	-0.92381
