IL6	S__Candida albicans
1.426253918766353e-07	0.29584
1.396228766554334e-07	0.7794
5.748764091172927e-08	-1.03304
2.370862486157021e-07	1.13112
3.8251414248022575e-07	-0.51516
1.7681282896717506e-07	1.858
1.7681282896717506e-07	0.23791
1.0559766216889537e-06	-1.18808
1.0559766216889537e-06	-0.95114
5.623171878067584e-07	-1.5122
5.623171878067584e-07	0.22428
5.623171878067584e-07	0.57979
6.359382923128686e-07	-0.41099
6.359382923128686e-07	0.03454
6.359382923128686e-07	-1.60349
6.259319423774693e-07	-1.49297
6.259319423774693e-07	-0.35345
1.2304841046151258e-07	-0.61018
1.2304841046151258e-07	-0.20096
1.2304841046151258e-07	-0.76835
1.2304841046151258e-07	-0.50353
1.2304841046151258e-07	0.24569
1.2304841046151258e-07	-0.18705
1.8922221357957272e-07	0.01694
1.8922221357957272e-07	0.8065
1.2407646612026608e-07	-0.34695
1.1634909117591816e-07	-0.53585
1.1634909117591816e-07	-0.13431
1.1952798557865636e-07	-0.80388
1.1952798557865636e-07	-0.51386
1.1952798557865636e-07	0.47334
1.1952798557865636e-07	1.25747
2.0503391055846727e-07	0.02639
2.0503391055846727e-07	-0.36834
2.0503391055846727e-07	0.29336
1.0177854437436147e-06	-1.18484
7.610888081591315e-07	-0.25861
6.967812394870878e-07	-1.44473
6.967812394870878e-07	-0.92381
