IL9RP3	S__Candida albicans
4.2787617562990594e-07	0.29584
8.377372599326004e-08	0.7794
1.724629227351878e-07	-1.03304
1.6934732043978722e-07	1.13112
2.6775989973615804e-07	-0.51516
6.630481086269065e-08	1.858
6.630481086269065e-08	0.23791
7.659548734786072e-07	-1.18808
7.659548734786072e-07	-0.95114
6.986365060629422e-07	-1.5122
6.986365060629422e-07	0.22428
6.986365060629422e-07	0.57979
5.002714566194567e-07	-0.41099
5.002714566194567e-07	0.03454
5.002714566194567e-07	-1.60349
3.394885111199833e-07	-1.49297
3.394885111199833e-07	-0.35345
1.0547006610986792e-07	-0.61018
1.0547006610986792e-07	-0.20096
1.0547006610986792e-07	-0.76835
1.0547006610986792e-07	-0.50353
1.0547006610986792e-07	0.24569
1.0547006610986792e-07	-0.18705
6.757936199270453e-08	0.01694
6.757936199270453e-08	0.8065
1.5164901414699188e-07	-0.34695
1.1634909117591816e-07	-0.53585
1.1634909117591816e-07	-0.13431
9.296621100562161e-08	-0.80388
9.296621100562161e-08	-0.51386
9.296621100562161e-08	0.47334
9.296621100562161e-08	1.25747
5.125847763961682e-08	0.02639
5.125847763961682e-08	-0.36834
5.125847763961682e-08	0.29336
7.666435810016838e-07	-1.18484
1.9962985132042794e-07	-0.25861
6.247004216091132e-07	-1.44473
6.247004216091132e-07	-0.92381
