REL	S__Candida albicans
9.680698473626622e-06	0.29584
1.3110588117945196e-05	0.7794
1.4127587754057467e-05	-1.03304
1.3878012910040561e-05	1.13112
2.0139369601583884e-05	-0.51516
1.5927889009459685e-05	1.858
1.5927889009459685e-05	0.23791
3.951732230743028e-05	-1.18808
3.951732230743028e-05	-0.95114
2.1589572028823116e-05	-1.5122
2.1589572028823116e-05	0.22428
2.1589572028823116e-05	0.57979
2.4589613969430917e-05	-0.41099
2.4589613969430917e-05	0.03454
2.4589613969430917e-05	-1.60349
2.680898336250618e-05	-1.49297
2.680898336250618e-05	-0.35345
1.1197405351997644e-05	-0.61018
1.1197405351997644e-05	-0.20096
1.1197405351997644e-05	-0.76835
1.1197405351997644e-05	-0.50353
1.1197405351997644e-05	0.24569
1.1197405351997644e-05	-0.18705
1.5164808831162898e-05	0.01694
1.5164808831162898e-05	0.8065
1.7370705256837252e-05	-0.34695
1.6754269129332216e-05	-0.53585
1.6754269129332216e-05	-0.13431
1.4608976015169111e-05	-0.80388
1.4608976015169111e-05	-0.51386
1.4608976015169111e-05	0.47334
1.4608976015169111e-05	1.25747
2.04265033393873e-05	0.02639
2.04265033393873e-05	-0.36834
2.04265033393873e-05	0.29336
2.496878835365829e-05	-1.18484
1.986317020638258e-05	-0.25861
2.4976003394718198e-05	-1.44473
2.4976003394718198e-05	-0.92381
