TLR2	S__Candida albicans
7.91570924915326e-06	0.29584
6.43661461381548e-06	0.7794
4.943937118408717e-06	-1.03304
9.110885839660552e-06	1.13112
9.390722197889541e-06	-0.51516
6.033737788504848e-06	1.858
6.033737788504848e-06	0.23791
6.767174124908083e-06	-1.18808
6.767174124908083e-06	-0.95114
9.900190488355351e-06	-1.5122
9.900190488355351e-06	0.22428
9.900190488355351e-06	0.57979
1.0327637867160987e-05	-0.41099
1.0327637867160987e-05	0.03454
1.0327637867160987e-05	-1.60349
9.707249614837023e-06	-1.49297
9.707249614837023e-06	-0.35345
8.578232043602591e-06	-0.61018
8.578232043602591e-06	-0.20096
8.578232043602591e-06	-0.76835
8.578232043602591e-06	-0.50353
8.578232043602591e-06	0.24569
8.578232043602591e-06	-0.18705
7.176928243625222e-06	0.01694
7.176928243625222e-06	0.8065
7.458374241229328e-06	-0.34695
6.787030318595226e-06	-0.53585
6.787030318595226e-06	-0.13431
7.795880837185698e-06	-0.80388
7.795880837185698e-06	-0.51386
7.795880837185698e-06	0.47334
7.795880837185698e-06	1.25747
5.459027868619191e-06	0.02639
5.459027868619191e-06	-0.36834
5.459027868619191e-06	0.29336
8.155501542724809e-06	-1.18484
8.234731366967654e-06	-0.25861
1.2650183537584542e-05	-1.44473
1.2650183537584542e-05	-0.92381
