TLR8-AS1	S__Candida albicans
0.0	0.29584
0.0	0.7794
0.0	-1.03304
8.467366021989359e-09	1.13112
2.868856068601693e-08	-0.51516
4.4203207241793766e-08	1.858
4.4203207241793766e-08	0.23791
2.2309365246949725e-08	-1.18808
2.2309365246949725e-08	-0.95114
1.703991478202298e-08	-1.5122
1.703991478202298e-08	0.22428
1.703991478202298e-08	0.57979
8.479177230838247e-09	-0.41099
8.479177230838247e-09	0.03454
8.479177230838247e-09	-1.60349
8.487212777999583e-08	-1.49297
8.487212777999583e-08	-0.35345
0.0	-0.61018
0.0	-0.20096
0.0	-0.76835
0.0	-0.50353
0.0	0.24569
0.0	-0.18705
1.3515872398540907e-08	0.01694
1.3515872398540907e-08	0.8065
0.0	-0.34695
0.0	-0.53585
0.0	-0.13431
0.0	-0.80388
0.0	-0.51386
0.0	0.47334
0.0	1.25747
0.0	0.02639
0.0	-0.36834
0.0	0.29336
0.0	-1.18484
1.2476865707526746e-08	-0.25861
1.20134696463291e-08	-1.44473
1.20134696463291e-08	-0.92381
