num_weeks	n_samples	n_query	pval	adj_pval	odds_ratio
1	22	996	0.9998342638236256	1.0	0.47448375540077187
2	38	1178	0.9929562423370601	1.0	0.6530732053827876
3	45	1289	0.9941417159070013	1.0	0.6580629455606507
4	62	1737	0.31146317162462656	0.4147199647051333	1.0716073347357291
5	70	1785	0.7427005312587551	1.0	0.9232956487472204
6	80	1451	0.9583270432219586	1.0	0.7732388971881529
7	93	1645	0.8251152697244563	1.0	0.8842179118003888
8	114	2352	0.9584012343759858	1.0	0.8166045033844453
9	128	2739	0.9859089337577024	1.0	0.7841287756637644
10	148	2908	0.9983159046459249	1.0	0.7230152845366349
11	157	3157	0.9858317232183755	0.9999130383330714	0.7971053583092284
12	166	3067	0.9693238109428117	0.9890071655986498	0.8238124278984811
13	175	3489	0.9940401434575173	0.9999692692322034	0.7782928117045643
14	188	3827	0.932162178627796	0.9659436823943557	0.8715534375170376
15	195	3442	0.9599800914763925	0.9788032305249492	0.842833650453653
16	221	3382	0.7425855770182719	0.8044677084364612	0.9416317005380092
17	229	2893	0.758557230909031	0.8304205475214657	0.9326326707222894
18	238	2979	0.6548158985245633	0.716851088911101	0.963600977604054
19	252	3305	0.683396979757767	0.7403467280709143	0.9575791389843059
20	258	3301	0.6422524440999853	0.7067956697419836	0.9683313615432486
21	266	3160	0.7438601791796123	0.80584852744458	0.9395653141458349
22	280	3194	0.8365528354171473	0.8969226276637455	0.9089357128179189
23	295	3262	0.6990328561904586	0.7494785262248217	0.953101077505272
24	319	3872	0.6327468692502755	0.6784090144539036	0.9725516517506376
25	329	3693	0.5050198998048389	0.5414646348423015	1.0021044798558
26	348	3540	0.5192299021063234	0.5803640432888124	0.9988269794721407
27	353	3698	0.5118201690465422	0.554948401157695	1.0005208932304175
28	362	3768	0.6744881116516039	0.7306954542892377	0.9620319350038209
29	373	3707	0.8167734104366523	0.8580245927819378	0.921335596040092
30	380	3817	0.8147543080137661	0.8473444803343168	0.9229549627292257
31	392	3670	0.8951561820457561	0.9217449795322636	0.8899664875692502
32	402	3844	0.9269912581601114	0.9545256519668475	0.8750505692654453
33	410	3695	0.8930381825354217	0.9246203995420381	0.8912920086632292
34	436	3537	0.9308223600919198	0.9609230713803258	0.8681061048828437
35	445	3653	0.9432192978555358	0.971235712643324	0.86119815002727
36	471	3651	0.952793885205411	0.9821571733600365	0.8533937302272073
37	482	3716	0.9765078653315546	0.9900489989668713	0.8278970781518552
38	501	3858	0.9331666751895478	0.9608844972248808	0.8713339179577122
39	507	3864	0.8738033434062817	0.927301507288299	0.9017621112753894
40	515	3871	0.9385211322182377	0.9636335769599229	0.8679076233876574
41	523	3967	0.9609192776148345	0.9702485909897358	0.8510500440410539
42	528	3893	0.985466958926759	0.9950345993046886	0.815135661095963
43	534	3861	0.9552840776131009	0.9740151379584558	0.8546339807513588
44	540	3879	0.9416410035747764	0.9539927541651985	0.8658109325212007
45	545	3921	0.9229204816773845	0.9524205214652922	0.8785105893186004
46	552	4192	0.916162130605684	0.9341260939508935	0.8855655134523328
47	552	4192	0.916162130605684	0.9341260939508935	0.8855655134523328
48	554	4230	0.9065715546346643	0.9334994225941098	0.8909009182559559
49	557	4290	0.8926672357544134	0.9013339079462038	0.8980124611349605
50	558	4306	0.9162851489599818	0.9251811212799816	0.8867613948035465
51	558	4306	0.9162851489599818	0.9251811212799816	0.8867613948035465
52	560	4316	0.921014031095456	0.9299559148924993	0.8843167340865765
